z,qc,fs,u2
0.01,0.01,0,0
0.02,0.01,0,0
0.03,0.01,0,0
0.04,0.01,0,0
0.05,0.01,0,0
0.06,0.01,0,0
0.07,0.02,0,0
0.08,0.02,0.0001,0
0.09,0.02,0.0001,0
0.1,0.02,0.0002,0.001
0.11,0.02,0.0002,0
0.12,0.02,0.0003,0
0.13,0.02,0.0003,0
0.14,0.02,0.0004,0.001
0.15,0.02,0.0003,0.001
0.16,0.02,0.0004,0.001
0.17,0.02,0.0004,0.001
0.18,0.03,0.0005,0.001
0.19,0.03,0.0005,0.001
0.2,0.03,0.0006,0.001
0.21,0.03,0.0006,0.001
0.22,0.03,0.0006,0.001
0.23,0.02,0.0007,0.001
0.24,0.02,0.0009,0.001
0.25,0.02,0.0009,0.003
0.26,0.03,0.0008,0.003
0.27,0.03,0.0008,0.003
0.28,0.03,0.0009,0.003
0.29,0.03,0.0009,0.003
0.3,0.03,0.0009,0.003
0.31,0.04,0.0009,0.004
0.32,0.03,0.0009,0.004
0.33,0.04,0.001,0.005
0.34,0.04,0.001,0.007
0.35,0.04,0.001,0.007
0.36,0.04,0.0011,0.007
0.37,0.04,0.0011,0.007
0.38,0.04,0.0011,0.008
0.39,0.04,0.0011,0.009
0.4,0.04,0.0012,0.009
0.41,0.04,0.0012,0.011
0.42,0.04,0.0014,0.011
0.43,0.04,0.0014,0.011
0.44,0.04,0.0015,0.011
0.45,0.04,0.0015,0.012
0.46,0.05,0.0016,0.013
0.47,0.05,0.0016,0.013
0.48,0.04,0.0015,0.013
0.49,0.05,0.0017,0.015
0.5,0.05,0.0017,0.015
0.51,0.05,0.0017,0.015
0.52,0.05,0.0017,0.015
0.53,0.05,0.0016,0.015
0.54,0.05,0.0016,0.015
0.55,0.04,0.0017,0.016
0.56,0.04,0.0017,0.016
0.57,0.05,0.0018,0.016
0.58,0.04,0.0016,0.017
0.59,0.04,0.0018,0.017
0.6,0.05,0.0018,0.017
0.61,0.05,0.0019,0.017
0.62,0.05,0.0018,0.019
0.63,0.05,0.0018,0.02
0.64,0.05,0.0019,0.02
0.65,0.05,0.0018,0.02
0.66,0.05,0.0018,0.02
0.67,0.04,0.0018,0.021
0.68,0.05,0.0017,0.021
0.69,0.05,0.0017,0.023
0.7,0.05,0.0017,0.023
0.71,0.05,0.0017,0.023
0.72,0.06,0.0017,0.024
0.73,0.06,0.0017,0.024
0.74,0.05,0.0016,0.024
0.75,0.05,0.0016,0.024
0.76,0.05,0.0016,0.024
0.77,0.06,0.0016,0.024
0.78,0.06,0.0016,0.024
0.79,0.06,0.0016,0.024
0.8,0.06,0.0016,0.025
0.81,0.06,0.0016,0.025
0.82,0.06,0.0016,0.025
0.83,0.06,0.0016,0.027
0.84,0.06,0.0016,0.025
0.85,0.06,0.0016,0.027
0.86,0.06,0.0016,0.027
0.87,0.05,0.0015,0.027
0.88,0.06,0.0016,0.028
0.89,0.06,0.0016,0.028
0.9,0.06,0.0016,0.029
0.91,0.06,0.0016,0.029
0.92,0.06,0.0016,0.029
0.93,0.06,0.0016,0.029
0.94,0.06,0.0015,0.031
0.95,0.06,0.0016,0.031
0.96,0.06,0.0016,0.031
0.97,0.06,0.0016,0.032
0.98,0.07,0.0016,0.032
0.99,0.07,0.0016,0.032
1,0.07,0.0016,0.033
1.01,0.07,0.0017,0.033
1.02,0.07,0.0017,0.035
1.03,0.07,0.0017,0.035
1.04,0.06,0.0017,0.035
1.05,0.07,0.0018,0.036
1.06,0.07,0.0017,0.036
1.07,0.07,0.0017,0.036
1.08,0.07,0.0018,0.036
1.09,0.07,0.0017,0.036
1.1,0.07,0.0017,0.037
1.12,0.07,0.0017,0.037
1.12,0.07,0.0017,0.037
1.13,0.07,0.0018,0.037
1.14,0.07,0.0018,0.039
1.15,0.08,0.0018,0.04
1.16,0.07,0.0018,0.04
1.17,0.07,0.0018,0.041
1.18,0.07,0.0019,0.041
1.19,0.07,0.0019,0.041
1.2,0.07,0.0019,0.041
1.21,0.08,0.0018,0.041
1.22,0.07,0.0018,0.043
1.23,0.08,0.0019,0.043
1.24,0.08,0.0019,0.044
1.25,0.08,0.002,0.044
1.26,0.08,0.002,0.044
1.27,0.08,0.0019,0.044
1.28,0.08,0.0019,0.044
1.29,0.08,0.0019,0.044
1.3,0.08,0.0019,0.044
1.31,0.08,0.0019,0.045
1.32,0.08,0.002,0.045
1.33,0.08,0.002,0.045
1.34,0.08,0.002,0.045
1.35,0.08,0.002,0.045
1.36,0.08,0.002,0.047
1.37,0.08,0.0021,0.047
1.38,0.08,0.002,0.047
1.39,0.08,0.002,0.047
1.4,0.09,0.0021,0.047
1.41,0.08,0.002,0.048
1.42,0.09,0.0021,0.048
1.43,0.09,0.0021,0.048
1.44,0.09,0.0021,0.049
1.45,0.09,0.0021,0.049
1.46,0.09,0.0021,0.051
1.47,0.09,0.0022,0.051
1.48,0.09,0.0022,0.051
1.49,0.09,0.0023,0.051
1.5,0.09,0.0023,0.051
1.51,0.1,0.0023,0.052
1.52,0.09,0.0023,0.052
1.53,0.1,0.0023,0.052
1.54,0.1,0.0023,0.053
1.55,0.1,0.0024,0.053
1.56,0.1,0.0024,0.052
1.57,0.1,0.0023,0.052
1.58,0.1,0.0024,0.053
1.59,0.1,0.0024,0.053
1.6,0.1,0.0024,0.055
1.61,0.1,0.0024,0.055
1.62,0.1,0.0023,0.055
1.63,0.1,0.0023,0.056
1.64,0.1,0.0023,0.056
1.65,0.1,0.0023,0.056
1.66,0.1,0.0024,0.057
1.67,0.1,0.0023,0.059
1.68,0.1,0.0023,0.059
1.69,0.1,0.0024,0.057
1.7,0.1,0.0025,0.059
1.71,0.11,0.0025,0.059
1.72,0.11,0.0025,0.059
1.73,0.1,0.0026,0.059
1.74,0.1,0.0026,0.059
1.75,0.1,0.0026,0.06
1.76,0.1,0.0025,0.061
1.77,0.1,0.0025,0.061
1.78,0.1,0.0025,0.063
1.79,0.1,0.0026,0.063
1.8,0.09,0.0026,0.063
1.81,0.09,0.0026,0.064
1.82,0.1,0.0026,0.063
1.83,0.1,0.0026,0.064
1.84,0.1,0.0026,0.064
1.85,0.1,0.0025,0.064
1.86,0.1,0.0025,0.064
1.87,0.1,0.0024,0.065
1.88,0.09,0.0025,0.064
1.89,0.09,0.0024,0.065
1.9,0.1,0.0024,0.064
1.91,0.09,0.0023,0.067
1.92,0.09,0.0023,0.068
1.93,0.09,0.0023,0.068
1.94,0.09,0.0023,0.068
1.95,0.09,0.0023,0.069
1.96,0.09,0.0023,0.069
1.97,0.09,0.0023,0.071
1.98,0.1,0.0022,0.071
1.99,0.1,0.0022,0.069
2,0.1,0.0022,0.069
2.01,0.1,0.0021,0.071
2.02,0.1,0.0021,0.071
2.03,0.09,0.002,0.071
2.04,0.09,0.0021,0.071
2.05,0.1,0.0021,0.072
2.06,0.1,0.002,0.071
2.07,0.1,0.002,0.071
2.08,0.09,0.0019,0.069
2.09,0.1,0.0019,0.072
2.1,0.1,0.0019,0.073
2.11,0.09,0.0018,0.075
2.12,0.09,0.0018,0.075
2.13,0.1,0.0018,0.075
2.14,0.1,0.0019,0.075
2.15,0.1,0.0019,0.073
2.16,0.1,0.0019,0.073
2.17,0.1,0.0018,0.075
2.18,0.1,0.0018,0.075
2.19,0.1,0.0018,0.076
2.2,0.1,0.0018,0.076
2.21,0.1,0.0018,0.075
2.22,0.1,0.0018,0.076
2.23,0.1,0.0018,0.076
2.24,0.1,0.0018,0.077
2.25,0.1,0.0018,0.077
2.26,0.1,0.0018,0.076
2.27,0.1,0.0018,0.077
2.28,0.1,0.0018,0.077
2.29,0.1,0.0019,0.077
2.3,0.1,0.0019,0.077
2.31,0.1,0.0019,0.079
2.32,0.1,0.002,0.077
2.33,0.1,0.002,0.077
2.34,0.1,0.002,0.076
2.35,0.11,0.002,0.077
2.36,0.12,0.002,0.077
2.37,0.12,0.002,0.079
2.38,0.12,0.002,0.079
2.39,0.11,0.0019,0.079
2.4,0.12,0.002,0.08
2.41,0.12,0.002,0.08
2.42,0.12,0.002,0.08
2.43,0.12,0.0021,0.08
2.44,0.12,0.0021,0.08
2.45,0.12,0.0021,0.08
2.46,0.12,0.0021,0.083
2.47,0.12,0.0021,0.083
2.48,0.12,0.0022,0.084
2.49,0.12,0.0021,0.084
2.5,0.12,0.0021,0.084
2.51,0.12,0.0022,0.084
2.52,0.12,0.0023,0.084
2.53,0.12,0.0023,0.084
2.54,0.13,0.0023,0.084
2.55,0.13,0.0023,0.084
2.56,0.13,0.0023,0.085
2.57,0.14,0.0024,0.087
2.58,0.14,0.0025,0.088
2.59,0.14,0.0025,0.088
2.6,0.14,0.0026,0.088
2.62,0.14,0.0026,0.089
2.62,0.14,0.0025,0.091
2.63,0.14,0.0025,0.091
2.64,0.14,0.0025,0.091
2.65,0.14,0.0026,0.091
2.66,0.14,0.0026,0.091
2.67,0.14,0.0027,0.092
2.68,0.14,0.0027,0.092
2.69,0.13,0.0026,0.093
2.7,0.13,0.0026,0.095
2.71,0.13,0.0025,0.096
2.72,0.14,0.0025,0.096
2.73,0.13,0.0025,0.096
2.74,0.13,0.0026,0.097
2.75,0.14,0.0026,0.096
2.76,0.14,0.0026,0.096
2.77,0.13,0.0026,0.1
2.78,0.14,0.0027,0.1
2.79,0.14,0.0026,0.101
2.8,0.14,0.0026,0.104
2.81,0.14,0.0027,0.104
2.82,0.14,0.0027,0.106
2.83,0.14,0.0029,0.108
2.84,0.14,0.0029,0.108
2.85,0.14,0.0031,0.108
2.86,0.14,0.0031,0.105
2.87,0.14,0.0031,0.105
2.88,0.15,0.0032,0.104
2.89,0.16,0.0033,0.101
2.9,0.16,0.0033,0.101
2.91,0.16,0.0033,0.102
2.92,0.17,0.0032,0.104
2.93,0.18,0.0032,0.105
2.94,0.18,0.0032,0.113
2.95,0.18,0.0032,0.113
2.96,0.19,0.0033,0.108
2.97,0.19,0.0034,0.104
2.98,0.19,0.0035,0.108
2.99,0.19,0.0035,0.108
3,0.19,0.0036,0.113
3.01,0.19,0.0037,0.114
3.02,0.19,0.0038,0.116
3.03,0.19,0.0038,0.116
3.04,0.19,0.0041,0.116
3.05,0.2,0.0043,0.116
3.06,0.2,0.0043,0.117
3.07,0.19,0.0044,0.117
3.08,0.2,0.0044,0.117
3.09,0.21,0.0044,0.118
3.1,0.21,0.0045,0.118
3.11,0.21,0.0046,0.12
3.12,0.21,0.0046,0.12
3.13,0.21,0.0046,0.122
3.14,0.21,0.0046,0.124
3.15,0.22,0.0045,0.124
3.16,0.22,0.0045,0.128
3.17,0.22,0.0045,0.128
3.18,0.22,0.0047,0.129
3.19,0.21,0.0048,0.128
3.2,0.21,0.0048,0.128
3.21,0.21,0.0045,0.124
3.22,0.2,0.0045,0.108
3.23,0.2,0.0045,0.105
3.24,0.2,0.0042,0.116
3.25,0.19,0.0041,0.116
3.26,0.18,0.0041,0.102
3.27,0.18,0.0041,0.112
3.28,0.18,0.0041,0.124
3.29,0.18,0.0042,0.124
3.3,0.16,0.0042,0.132
3.31,0.16,0.0041,0.133
3.32,0.16,0.0041,0.133
3.33,0.16,0.0041,0.138
3.34,0.16,0.004,0.138
3.35,0.16,0.0038,0.132
3.36,0.16,0.0039,0.1
3.37,0.16,0.004,0.101
3.38,0.16,0.0041,0.117
3.39,0.16,0.0042,0.138
3.4,0.16,0.0042,0.14
3.41,0.16,0.0041,0.14
3.42,0.16,0.0041,0.138
3.43,0.15,0.004,0.126
3.44,0.16,0.004,0.136
3.45,0.16,0.004,0.136
3.46,0.16,0.0037,0.136
3.47,0.15,0.0037,0.133
3.48,0.16,0.0039,0.136
3.49,0.16,0.0039,0.136
3.5,0.15,0.0038,0.118
3.51,0.15,0.0037,0.118
3.53,0.15,0.0037,0.109
3.53,0.16,0.0037,0.116
3.54,0.16,0.0037,0.116
3.55,0.16,0.0034,0.117
3.56,0.16,0.0032,0.117
3.57,0.15,0.0032,0.122
3.58,0.15,0.003,0.125
3.59,0.15,0.0029,0.125
3.6,0.16,0.003,0.122
3.61,0.16,0.003,0.124
3.62,0.16,0.003,0.125
3.63,0.16,0.003,0.125
3.64,0.16,0.003,0.125
3.65,0.16,0.003,0.125
3.66,0.16,0.0029,0.125
3.67,0.16,0.0029,0.125
3.68,0.16,0.003,0.125
3.69,0.16,0.003,0.125
3.7,0.16,0.003,0.126
3.71,0.16,0.003,0.125
3.72,0.16,0.003,0.124
3.73,0.16,0.003,0.124
3.74,0.16,0.003,0.125
3.75,0.16,0.003,0.125
3.76,0.16,0.003,0.126
3.77,0.17,0.003,0.128
3.78,0.17,0.003,0.128
3.79,0.17,0.003,0.129
3.8,0.16,0.0031,0.129
3.81,0.17,0.0031,0.129
3.82,0.16,0.0031,0.129
3.83,0.17,0.0032,0.13
3.84,0.17,0.0032,0.13
3.85,0.16,0.0031,0.13
3.86,0.17,0.0033,0.129
3.87,0.16,0.0033,0.129
3.88,0.16,0.0033,0.129
3.89,0.16,0.0034,0.132
3.9,0.16,0.0034,0.132
3.91,0.16,0.0034,0.133
3.92,0.16,0.0035,0.133
3.93,0.16,0.0035,0.134
3.94,0.16,0.0037,0.134
3.95,0.16,0.0037,0.134
3.96,0.16,0.0037,0.136
3.97,0.16,0.0037,0.136
3.98,0.16,0.0037,0.138
3.99,0.16,0.0037,0.14
4,0.16,0.0037,0.138
4.01,0.16,0.0037,0.14
4.02,0.17,0.0038,0.14
4.03,0.16,0.0038,0.138
4.04,0.16,0.0037,0.14
4.05,0.16,0.0037,0.138
4.06,0.16,0.0036,0.14
4.07,0.17,0.0037,0.14
4.08,0.17,0.0036,0.138
4.09,0.17,0.0036,0.137
4.1,0.17,0.0036,0.137
4.11,0.17,0.0036,0.136
4.12,0.17,0.0035,0.136
4.13,0.17,0.0034,0.136
4.14,0.17,0.0034,0.136
4.15,0.17,0.0034,0.134
4.16,0.18,0.0035,0.134
4.17,0.17,0.0034,0.133
4.18,0.17,0.0033,0.133
4.19,0.17,0.0034,0.133
4.2,0.17,0.0034,0.133
4.21,0.18,0.0034,0.134
4.22,0.17,0.0035,0.136
4.23,0.17,0.0035,0.137
4.24,0.17,0.0034,0.137
4.25,0.17,0.0034,0.137
4.26,0.18,0.0034,0.138
4.27,0.17,0.0034,0.138
4.28,0.18,0.0033,0.141
4.29,0.18,0.0033,0.14
4.3,0.18,0.0034,0.141
4.31,0.18,0.0034,0.141
4.32,0.18,0.0034,0.141
4.33,0.18,0.0033,0.141
4.34,0.18,0.0033,0.142
4.35,0.18,0.0032,0.141
4.36,0.18,0.0032,0.142
4.37,0.18,0.0032,0.142
4.38,0.18,0.0033,0.141
4.39,0.18,0.0034,0.142
4.4,0.18,0.0034,0.142
4.41,0.17,0.0034,0.144
4.42,0.18,0.0035,0.145
4.43,0.18,0.0035,0.145
4.44,0.18,0.0035,0.142
4.45,0.18,0.0036,0.144
4.46,0.18,0.0036,0.145
4.47,0.17,0.0036,0.145
4.48,0.17,0.0035,0.146
4.49,0.18,0.0036,0.145
4.5,0.18,0.0036,0.148
4.51,0.18,0.0036,0.148
4.52,0.18,0.0035,0.148
4.53,0.18,0.0035,0.148
4.54,0.18,0.0035,0.145
4.55,0.18,0.0035,0.148
4.56,0.19,0.0035,0.15
4.57,0.19,0.0035,0.15
4.58,0.18,0.0035,0.15
4.59,0.18,0.0036,0.149
4.6,0.18,0.0036,0.148
4.61,0.18,0.0036,0.146
4.62,0.18,0.0036,0.146
4.63,0.19,0.0036,0.145
4.64,0.19,0.0037,0.148
4.65,0.18,0.0037,0.15
4.66,0.19,0.0037,0.145
4.67,0.19,0.0037,0.145
4.68,0.19,0.0036,0.15
4.69,0.2,0.0037,0.153
4.7,0.2,0.0037,0.153
4.71,0.2,0.0036,0.158
4.72,0.19,0.0037,0.158
4.73,0.19,0.0038,0.157
4.74,0.19,0.004,0.154
4.75,0.19,0.004,0.154
4.76,0.2,0.0041,0.156
4.77,0.2,0.0042,0.154
4.78,0.19,0.0042,0.154
4.79,0.19,0.0042,0.156
4.8,0.19,0.0042,0.156
4.81,0.19,0.0042,0.157
4.82,0.2,0.0043,0.157
4.83,0.2,0.0042,0.154
4.84,0.2,0.0042,0.154
4.85,0.19,0.0042,0.156
4.86,0.19,0.0042,0.154
4.87,0.19,0.0041,0.156
4.88,0.19,0.0041,0.157
4.89,0.19,0.0041,0.157
4.9,0.19,0.0041,0.158
4.91,0.19,0.0041,0.157
4.92,0.2,0.0041,0.157
4.93,0.2,0.0042,0.158
4.94,0.21,0.0041,0.157
4.95,0.2,0.0041,0.157
4.96,0.2,0.0044,0.156
4.97,0.2,0.0044,0.156
4.98,0.2,0.0045,0.157
4.99,0.2,0.0044,0.157
5,0.2,0.0044,0.158
5.01,0.2,0.0043,0.158
5.02,0.2,0.0045,0.164
5.03,0.2,0.0046,0.166
5.04,0.2,0.0046,0.166
5.05,0.2,0.0046,0.165
5.06,0.2,0.0046,0.165
5.07,0.2,0.0047,0.162
5.08,0.2,0.0048,0.162
5.09,0.2,0.0048,0.162
5.1,0.2,0.0048,0.165
5.11,0.2,0.0048,0.165
5.12,0.2,0.0048,0.164
5.13,0.2,0.0049,0.162
5.14,0.2,0.0049,0.162
5.15,0.2,0.0048,0.162
5.16,0.2,0.0048,0.164
5.17,0.2,0.0048,0.164
5.18,0.2,0.0048,0.164
5.19,0.2,0.0048,0.164
5.2,0.2,0.0048,0.164
5.21,0.2,0.0047,0.164
5.22,0.2,0.0048,0.166
5.23,0.21,0.0047,0.166
5.24,0.21,0.0047,0.165
5.25,0.21,0.0046,0.164
5.26,0.21,0.0045,0.164
5.27,0.21,0.0045,0.164
5.28,0.21,0.0045,0.164
5.29,0.21,0.0044,0.164
5.3,0.22,0.0045,0.164
5.31,0.21,0.0045,0.162
5.32,0.21,0.0046,0.164
5.33,0.21,0.0045,0.164
5.34,0.21,0.0045,0.165
5.35,0.22,0.0046,0.165
5.36,0.22,0.0046,0.165
5.37,0.21,0.0046,0.166
5.38,0.22,0.0046,0.168
5.39,0.22,0.0046,0.168
5.4,0.22,0.0046,0.168
5.41,0.21,0.0047,0.168
5.42,0.21,0.0048,0.169
5.43,0.22,0.0048,0.169
5.44,0.22,0.0049,0.17
5.45,0.22,0.0048,0.17
5.46,0.22,0.0048,0.17
5.47,0.22,0.0049,0.17
5.48,0.22,0.0049,0.17
5.49,0.22,0.005,0.169
5.5,0.22,0.0051,0.169
5.51,0.21,0.0052,0.172
5.52,0.22,0.0052,0.17
5.53,0.22,0.0053,0.17
5.54,0.22,0.0052,0.169
5.55,0.22,0.0051,0.17
5.56,0.22,0.0051,0.17
5.57,0.22,0.0051,0.172
5.58,0.22,0.0051,0.173
5.59,0.22,0.0051,0.172
5.6,0.22,0.0052,0.172
5.61,0.22,0.0052,0.17
5.62,0.22,0.0052,0.17
5.63,0.22,0.0052,0.172
5.64,0.22,0.0052,0.173
5.65,0.22,0.0053,0.173
5.66,0.22,0.0052,0.174
5.67,0.22,0.0052,0.174
5.68,0.23,0.0052,0.176
5.69,0.23,0.0052,0.176
5.7,0.22,0.0052,0.177
5.71,0.22,0.0053,0.173
5.72,0.23,0.0053,0.172
5.73,0.23,0.0053,0.176
5.74,0.23,0.0053,0.176
5.75,0.22,0.0053,0.174
5.76,0.22,0.0053,0.176
5.77,0.23,0.0054,0.176
5.78,0.23,0.0054,0.176
5.79,0.23,0.0055,0.177
5.8,0.24,0.0054,0.176
5.81,0.23,0.0054,0.177
5.82,0.23,0.0054,0.177
5.83,0.23,0.0054,0.177
5.84,0.23,0.0056,0.177
5.85,0.23,0.0056,0.178
5.86,0.23,0.0056,0.178
5.87,0.23,0.0056,0.178
5.88,0.24,0.0056,0.177
5.89,0.23,0.0056,0.178
5.9,0.23,0.0057,0.178
5.91,0.23,0.0057,0.178
5.92,0.24,0.0057,0.178
5.93,0.24,0.0059,0.181
5.94,0.24,0.0057,0.181
5.95,0.24,0.0057,0.181
5.96,0.23,0.0056,0.182
5.97,0.23,0.0056,0.185
5.98,0.24,0.0057,0.184
5.99,0.24,0.0056,0.184
6,0.24,0.0058,0.184
6.01,0.24,0.0057,0.184
6.02,0.24,0.0057,0.185
6.03,0.24,0.0058,0.186
6.04,0.24,0.0058,0.186
6.05,0.24,0.0059,0.185
6.06,0.23,0.0058,0.186
6.07,0.24,0.0058,0.188
6.08,0.23,0.0058,0.188
6.09,0.24,0.0058,0.186
6.1,0.24,0.0057,0.186
6.11,0.24,0.0056,0.188
6.12,0.24,0.0056,0.188
6.14,0.24,0.0056,0.188
6.14,0.24,0.0056,0.19
6.15,0.24,0.0057,0.192
6.16,0.24,0.0057,0.19
6.17,0.24,0.0057,0.19
6.18,0.24,0.0057,0.192
6.19,0.24,0.0057,0.192
6.2,0.24,0.0057,0.193
6.21,0.24,0.0057,0.192
6.22,0.24,0.0057,0.192
6.23,0.24,0.0058,0.19
6.24,0.24,0.0059,0.192
6.25,0.24,0.0058,0.192
6.26,0.24,0.0059,0.192
6.27,0.25,0.0059,0.186
6.28,0.25,0.0059,0.196
6.29,0.25,0.0058,0.196
6.3,0.24,0.0057,0.196
6.31,0.25,0.0059,0.194
6.32,0.24,0.0059,0.193
6.33,0.24,0.0059,0.196
6.34,0.25,0.0059,0.196
6.35,0.25,0.0059,0.196
6.36,0.25,0.0059,0.196
6.37,0.25,0.0058,0.196
6.38,0.25,0.0058,0.197
6.39,0.24,0.0058,0.196
6.4,0.25,0.0059,0.196
6.41,0.25,0.0059,0.196
6.42,0.25,0.0059,0.197
6.43,0.25,0.0059,0.198
6.44,0.25,0.006,0.198
6.45,0.25,0.0059,0.196
6.46,0.25,0.0058,0.194
6.47,0.25,0.0059,0.194
6.48,0.25,0.0059,0.201
6.49,0.25,0.0059,0.202
6.5,0.26,0.006,0.202
6.51,0.26,0.0061,0.201
6.52,0.25,0.0061,0.201
6.53,0.25,0.0061,0.201
6.54,0.25,0.0061,0.201
6.55,0.26,0.0061,0.201
6.56,0.25,0.006,0.201
6.57,0.25,0.006,0.204
6.58,0.26,0.006,0.204
6.59,0.25,0.006,0.204
6.6,0.25,0.006,0.205
6.61,0.26,0.006,0.205
6.62,0.26,0.006,0.204
6.63,0.26,0.006,0.204
6.64,0.26,0.006,0.204
6.65,0.26,0.006,0.204
6.66,0.26,0.006,0.202
6.67,0.26,0.0061,0.202
6.68,0.26,0.0062,0.204
6.69,0.26,0.0061,0.204
6.7,0.26,0.0062,0.205
6.71,0.26,0.0061,0.205
6.72,0.27,0.0062,0.206
6.73,0.27,0.0063,0.205
6.74,0.26,0.0063,0.205
6.75,0.26,0.0063,0.206
6.76,0.26,0.0064,0.206
6.77,0.26,0.0064,0.209
6.78,0.26,0.0065,0.21
6.79,0.26,0.0066,0.21
6.8,0.26,0.0066,0.21
6.81,0.27,0.0067,0.21
6.82,0.27,0.0067,0.209
6.83,0.28,0.0067,0.209
6.84,0.28,0.0067,0.208
6.85,0.27,0.0066,0.209
6.86,0.28,0.0067,0.208
6.87,0.27,0.0067,0.21
6.88,0.26,0.0066,0.21
6.89,0.27,0.0066,0.208
6.9,0.26,0.0067,0.208
6.91,0.26,0.0067,0.209
6.92,0.27,0.0067,0.209
6.93,0.27,0.0066,0.212
6.94,0.27,0.0066,0.209
6.95,0.27,0.0067,0.209
6.96,0.27,0.0067,0.209
6.97,0.27,0.0067,0.209
6.98,0.27,0.0068,0.209
6.99,0.27,0.0068,0.212
7,0.27,0.0069,0.212
7.01,0.28,0.0067,0.213
7.02,0.28,0.0066,0.214
7.03,0.28,0.0066,0.214
7.04,0.28,0.0067,0.216
7.05,0.28,0.0067,0.218
7.06,0.28,0.0067,0.216
7.07,0.28,0.0067,0.217
7.08,0.28,0.0067,0.217
7.09,0.28,0.0067,0.22
7.1,0.28,0.0068,0.221
7.11,0.28,0.0068,0.222
7.12,0.29,0.0069,0.224
7.13,0.3,0.0069,0.224
7.14,0.31,0.007,0.221
7.15,0.35,0.007,0.221
7.16,0.35,0.007,0.22
7.17,0.36,0.007,0.22
7.18,0.36,0.007,0.22
7.19,0.36,0.0065,0.222
7.2,0.33,0.0068,0.222
7.21,0.33,0.0068,0.222
7.22,0.31,0.0076,0.222
7.23,0.3,0.0077,0.225
7.24,0.29,0.0082,0.225
7.25,0.29,0.0082,0.224
7.26,0.28,0.008,0.225
7.27,0.28,0.0078,0.225
7.28,0.28,0.0078,0.225
7.29,0.29,0.0072,0.225
7.3,0.29,0.0072,0.226
7.31,0.29,0.0071,0.228
7.32,0.29,0.0068,0.228
7.33,0.29,0.0068,0.23
7.34,0.29,0.0066,0.23
7.35,0.29,0.0065,0.233
7.36,0.29,0.0067,0.234
7.37,0.29,0.0066,0.234
7.38,0.29,0.0066,0.238
7.39,0.29,0.0066,0.238
7.4,0.3,0.0066,0.246
7.41,0.3,0.0065,0.248
7.42,0.3,0.0065,0.246
7.43,0.3,0.0064,0.249
7.44,0.29,0.0064,0.249
7.45,0.3,0.0064,0.221
7.46,0.29,0.0064,0.1
7.47,0.29,0.0064,0.1
7.48,0.3,0.0065,0.185
7.49,0.29,0.0067,0.185
7.5,0.29,0.0067,0.234
7.51,0.29,0.0067,0.234
7.52,0.3,0.0069,0.242
7.53,0.3,0.0069,0.244
7.54,0.3,0.0067,0.244
7.55,0.3,0.0068,0.241
7.56,0.3,0.0068,0.241
7.57,0.3,0.0067,0.238
7.58,0.3,0.0066,0.24
7.59,0.3,0.0068,0.24
7.6,0.3,0.0068,0.24
7.61,0.3,0.007,0.238
7.62,0.29,0.0068,0.237
7.63,0.29,0.0068,0.233
7.64,0.29,0.0068,0.233
7.65,0.29,0.0068,0.234
7.66,0.3,0.0068,0.233
7.67,0.3,0.0068,0.233
7.68,0.3,0.0068,0.233
7.69,0.3,0.0068,0.234
7.7,0.3,0.0068,0.238
7.71,0.3,0.0068,0.24
7.72,0.3,0.0068,0.24
7.73,0.3,0.0067,0.24
7.74,0.3,0.0067,0.238
7.75,0.3,0.0066,0.237
7.76,0.3,0.0066,0.237
7.77,0.3,0.0066,0.238
7.78,0.3,0.0067,0.238
7.79,0.3,0.0067,0.237
7.8,0.3,0.0067,0.238
7.81,0.3,0.0068,0.238
7.83,0.3,0.0068,0.238
7.83,0.3,0.0067,0.238
7.84,0.3,0.0067,0.238
7.85,0.31,0.0069,0.24
7.86,0.3,0.007,0.24
7.87,0.3,0.007,0.242
7.88,0.31,0.0072,0.244
7.89,0.31,0.0072,0.242
7.9,0.31,0.0071,0.242
7.91,0.3,0.0071,0.241
7.92,0.3,0.007,0.238
7.93,0.3,0.0071,0.242
7.94,0.31,0.0071,0.244
7.95,0.3,0.0072,0.244
7.96,0.31,0.0073,0.245
7.97,0.31,0.0073,0.245
7.98,0.3,0.0073,0.244
7.99,0.31,0.0073,0.245
8,0.31,0.0073,0.245
8.01,0.31,0.0073,0.246
8.02,0.3,0.0073,0.246
8.03,0.3,0.0073,0.245
8.04,0.31,0.0072,0.245
8.05,0.31,0.0072,0.244
8.06,0.31,0.0072,0.245
8.07,0.31,0.0072,0.246
8.08,0.31,0.0074,0.246
8.09,0.31,0.0075,0.248
8.1,0.31,0.0076,0.249
8.11,0.31,0.0076,0.25
8.12,0.31,0.0075,0.25
8.13,0.31,0.0075,0.25
8.14,0.31,0.0074,0.253
8.15,0.31,0.0074,0.254
8.16,0.31,0.0074,0.254
8.17,0.31,0.0074,0.254
8.18,0.31,0.0074,0.253
8.19,0.31,0.0074,0.253
8.2,0.31,0.0074,0.253
8.21,0.31,0.0072,0.253
8.22,0.31,0.0072,0.253
8.23,0.31,0.0074,0.252
8.24,0.31,0.0073,0.252
8.25,0.31,0.0073,0.254
8.26,0.31,0.0073,0.254
8.27,0.31,0.0072,0.256
8.28,0.31,0.0072,0.256
8.29,0.31,0.0072,0.256
8.3,0.31,0.0073,0.254
8.31,0.31,0.0073,0.249
8.32,0.31,0.0074,0.252
8.33,0.31,0.0074,0.252
8.34,0.31,0.0074,0.257
8.35,0.32,0.0074,0.257
8.36,0.31,0.0074,0.257
8.37,0.31,0.0074,0.26
8.38,0.31,0.0074,0.26
8.39,0.32,0.0074,0.257
8.4,0.31,0.0072,0.258
8.41,0.31,0.0073,0.257
8.42,0.31,0.0073,0.257
8.43,0.31,0.0073,0.257
8.44,0.31,0.0072,0.257
8.45,0.31,0.0074,0.257
8.46,0.32,0.0074,0.257
8.47,0.32,0.0074,0.257
8.48,0.31,0.0074,0.26
8.49,0.31,0.0074,0.26
8.5,0.31,0.0074,0.26
8.51,0.32,0.0074,0.26
8.52,0.32,0.0075,0.258
8.53,0.33,0.0074,0.26
8.54,0.32,0.0075,0.261
8.55,0.32,0.0074,0.261
8.56,0.33,0.0075,0.262
8.57,0.33,0.0076,0.261
8.58,0.33,0.0077,0.261
8.59,0.33,0.0077,0.261
8.6,0.32,0.0078,0.262
8.61,0.33,0.0078,0.262
8.62,0.32,0.0078,0.264
8.63,0.33,0.0078,0.264
8.64,0.32,0.0078,0.265
8.65,0.32,0.0078,0.262
8.66,0.33,0.0078,0.264
8.67,0.33,0.0078,0.264
8.68,0.33,0.0078,0.264
8.69,0.33,0.0078,0.262
8.7,0.32,0.0078,0.262
8.71,0.33,0.0079,0.261
8.72,0.33,0.008,0.26
8.73,0.33,0.0078,0.26
8.74,0.33,0.0078,0.261
8.75,0.34,0.0078,0.261
8.76,0.34,0.0077,0.261
8.77,0.33,0.0076,0.261
8.78,0.33,0.0078,0.258
8.79,0.33,0.0078,0.261
8.8,0.33,0.0078,0.261
8.81,0.33,0.0078,0.264
8.82,0.33,0.0078,0.264
8.83,0.33,0.0079,0.264
8.84,0.33,0.0079,0.266
8.85,0.33,0.0079,0.266
8.86,0.33,0.0081,0.268
8.87,0.33,0.008,0.269
8.88,0.33,0.0079,0.268
8.89,0.33,0.0079,0.264
8.9,0.34,0.0079,0.264
8.91,0.34,0.008,0.262
8.92,0.33,0.0079,0.261
8.93,0.34,0.0079,0.261
8.94,0.33,0.0079,0.264
8.95,0.33,0.0079,0.264
8.96,0.34,0.0079,0.268
8.97,0.34,0.0079,0.268
8.98,0.34,0.0078,0.268
8.99,0.34,0.0079,0.268
9,0.34,0.0081,0.269
9.01,0.33,0.0081,0.269
9.02,0.34,0.0081,0.269
9.03,0.34,0.0081,0.269
9.04,0.34,0.008,0.269
9.05,0.34,0.008,0.265
9.06,0.34,0.008,0.264
9.07,0.34,0.008,0.264
9.08,0.34,0.0079,0.268
9.09,0.34,0.008,0.268
9.1,0.34,0.008,0.272
9.11,0.34,0.0082,0.272
9.12,0.34,0.0082,0.272
9.13,0.34,0.0082,0.269
9.14,0.34,0.0083,0.269
9.15,0.34,0.0083,0.27
9.16,0.35,0.0083,0.27
9.17,0.35,0.0082,0.272
9.18,0.35,0.0083,0.272
9.19,0.34,0.0083,0.272
9.2,0.34,0.0083,0.276
9.21,0.35,0.0084,0.276
9.22,0.35,0.0084,0.277
9.23,0.34,0.0085,0.277
9.24,0.34,0.0085,0.277
9.25,0.34,0.0085,0.277
9.26,0.35,0.0085,0.278
9.27,0.35,0.0085,0.276
9.28,0.35,0.0085,0.278
9.29,0.35,0.0085,0.278
9.3,0.34,0.0085,0.28
9.31,0.35,0.0085,0.28
9.32,0.35,0.0085,0.278
9.33,0.35,0.0085,0.278
9.34,0.34,0.0084,0.28
9.35,0.34,0.0085,0.281
9.36,0.35,0.0085,0.281
9.37,0.35,0.0085,0.277
9.38,0.35,0.0085,0.277
9.39,0.35,0.0085,0.281
9.4,0.35,0.0085,0.284
9.41,0.35,0.0085,0.285
9.42,0.35,0.0085,0.285
9.43,0.35,0.0085,0.286
9.44,0.35,0.0085,0.286
9.45,0.34,0.0085,0.29
9.46,0.35,0.0085,0.29
9.47,0.35,0.0085,0.289
9.48,0.35,0.0084,0.289
9.49,0.34,0.0084,0.293
9.5,0.35,0.0084,0.293
9.51,0.35,0.0084,0.292
9.52,0.35,0.0085,0.293
9.53,0.35,0.0085,0.293
9.54,0.36,0.0085,0.293
9.55,0.35,0.0085,0.293
9.56,0.35,0.0086,0.294
9.57,0.36,0.0087,0.293
9.58,0.36,0.0086,0.293
9.59,0.35,0.0085,0.296
9.6,0.35,0.0086,0.296
9.61,0.36,0.0085,0.294
9.62,0.36,0.0085,0.294
9.63,0.36,0.0085,0.294
9.64,0.36,0.0085,0.293
9.65,0.37,0.0084,0.294
9.66,0.37,0.0084,0.294
9.67,0.37,0.0084,0.294
9.68,0.37,0.0084,0.296
9.69,0.36,0.0085,0.298
9.7,0.36,0.0085,0.297
9.71,0.37,0.0085,0.297
9.72,0.37,0.0086,0.297
9.73,0.36,0.0085,0.297
9.74,0.36,0.0086,0.296
9.75,0.36,0.0086,0.296
9.76,0.37,0.0087,0.293
9.77,0.36,0.0087,0.293
9.78,0.37,0.0087,0.296
9.79,0.37,0.0088,0.296
9.8,0.37,0.0088,0.298
9.81,0.37,0.0089,0.3
9.82,0.37,0.0088,0.3
9.83,0.37,0.0088,0.298
9.84,0.37,0.0088,0.298
9.85,0.37,0.0088,0.3
9.86,0.37,0.0088,0.301
9.87,0.37,0.0088,0.296
9.88,0.37,0.0088,0.296
9.89,0.37,0.0089,0.296
9.9,0.37,0.009,0.294
9.91,0.37,0.0089,0.296
9.92,0.37,0.0089,0.296
9.93,0.37,0.009,0.301
9.94,0.37,0.009,0.301
9.95,0.37,0.009,0.297
9.96,0.37,0.0091,0.297
9.97,0.37,0.0091,0.297
9.98,0.37,0.009,0.3
9.99,0.37,0.009,0.3
10,0.37,0.0089,0.297
10.01,0.37,0.0089,0.297
10.02,0.37,0.0089,0.298
10.03,0.37,0.009,0.298
10.04,0.37,0.009,0.3
10.05,0.37,0.009,0.3
10.06,0.37,0.0089,0.3
10.07,0.37,0.0089,0.298
10.08,0.37,0.009,0.3
10.09,0.38,0.009,0.301
10.1,0.38,0.009,0.301
10.11,0.37,0.009,0.301
10.12,0.37,0.0089,0.302
10.13,0.38,0.0089,0.302
10.14,0.38,0.0088,0.302
10.15,0.38,0.0089,0.303
10.16,0.37,0.0089,0.303
10.17,0.38,0.0089,0.301
10.18,0.38,0.0089,0.301
10.19,0.38,0.0089,0.301
10.2,0.38,0.0089,0.301
10.21,0.37,0.0088,0.305
10.22,0.37,0.0089,0.305
10.23,0.37,0.0089,0.305
10.24,0.37,0.0089,0.305
10.25,0.37,0.009,0.302
10.26,0.38,0.009,0.303
10.27,0.38,0.0089,0.306
10.28,0.38,0.0088,0.306
10.29,0.39,0.0088,0.306
10.3,0.39,0.0089,0.309
10.31,0.39,0.0089,0.306
10.32,0.39,0.0089,0.307
10.33,0.39,0.0089,0.309
10.34,0.38,0.0089,0.309
10.35,0.39,0.0088,0.313
10.36,0.39,0.0089,0.311
10.37,0.39,0.0088,0.311
10.38,0.38,0.0088,0.313
10.39,0.38,0.0089,0.313
10.4,0.39,0.0089,0.313
10.41,0.38,0.009,0.314
10.42,0.39,0.0089,0.31
10.43,0.39,0.0089,0.314
10.44,0.39,0.0091,0.314
10.45,0.39,0.0091,0.313
10.46,0.38,0.009,0.311
10.47,0.38,0.009,0.311
10.48,0.38,0.009,0.311
10.49,0.38,0.009,0.311
10.5,0.38,0.009,0.314
10.51,0.39,0.009,0.315
10.52,0.39,0.009,0.315
10.53,0.38,0.009,0.313
10.54,0.38,0.009,0.314
10.55,0.39,0.009,0.315
10.56,0.39,0.0091,0.315
10.57,0.39,0.0091,0.321
10.58,0.39,0.0091,0.321
10.59,0.39,0.0091,0.321
10.6,0.39,0.0091,0.318
10.61,0.39,0.0091,0.319
10.62,0.39,0.009,0.319
10.63,0.39,0.0089,0.317
10.64,0.39,0.009,0.315
10.65,0.4,0.0091,0.319
10.66,0.4,0.0092,0.319
10.67,0.4,0.0091,0.318
10.68,0.4,0.0092,0.318
10.69,0.39,0.0093,0.318
10.7,0.39,0.0093,0.321
10.71,0.4,0.0093,0.321
10.72,0.39,0.0093,0.318
10.73,0.39,0.0093,0.321
10.74,0.39,0.0093,0.321
10.75,0.39,0.0093,0.321
10.76,0.39,0.0095,0.321
10.77,0.39,0.0096,0.319
10.78,0.39,0.0096,0.323
10.79,0.39,0.0096,0.323
10.8,0.39,0.0097,0.322
10.81,0.39,0.0098,0.323
10.82,0.39,0.0098,0.323
10.83,0.39,0.0097,0.325
10.84,0.39,0.0097,0.325
10.85,0.39,0.0098,0.326
10.86,0.4,0.0098,0.326
10.87,0.4,0.0098,0.329
10.88,0.4,0.0098,0.327
10.89,0.4,0.0099,0.327
10.9,0.4,0.0101,0.33
10.91,0.4,0.0102,0.33
10.92,0.4,0.0102,0.33
10.93,0.4,0.0103,0.33
10.94,0.4,0.0103,0.327
10.95,0.4,0.0101,0.33
10.96,0.41,0.0101,0.33
10.97,0.41,0.0098,0.33
10.98,0.41,0.0096,0.329
10.99,0.41,0.0097,0.331
11,0.41,0.0097,0.331
11.01,0.4,0.0096,0.333
11.02,0.4,0.0096,0.335
11.03,0.41,0.0097,0.337
11.04,0.41,0.0098,0.335
11.05,0.4,0.0099,0.335
11.06,0.41,0.01,0.333
11.07,0.41,0.0098,0.331
11.08,0.41,0.0098,0.331
11.09,0.41,0.0098,0.33
11.1,0.41,0.0098,0.329
11.11,0.41,0.0098,0.331
11.12,0.41,0.0097,0.333
11.13,0.4,0.0096,0.333
11.14,0.41,0.0096,0.333
11.15,0.41,0.0095,0.333
11.16,0.41,0.0096,0.331
11.17,0.41,0.0096,0.334
11.18,0.41,0.0096,0.334
11.19,0.42,0.0097,0.331
11.2,0.42,0.0098,0.337
11.21,0.41,0.0098,0.335
11.22,0.42,0.0099,0.335
11.23,0.42,0.01,0.341
11.24,0.42,0.01,0.341
11.25,0.42,0.01,0.343
11.26,0.42,0.01,0.343
11.27,0.42,0.0104,0.343
11.28,0.42,0.0103,0.342
11.29,0.42,0.0104,0.343
11.3,0.42,0.0104,0.343
11.31,0.43,0.0105,0.346
11.32,0.43,0.0105,0.346
11.33,0.42,0.0104,0.35
11.34,0.42,0.0104,0.351
11.35,0.42,0.0104,0.351
11.36,0.42,0.0105,0.351
11.37,0.42,0.0105,0.351
11.38,0.41,0.0104,0.354
11.39,0.41,0.0104,0.354
11.4,0.41,0.0104,0.355
11.41,0.41,0.0105,0.355
11.42,0.41,0.0106,0.353
11.43,0.42,0.0105,0.353
11.44,0.42,0.0105,0.351
11.45,0.41,0.0105,0.351
11.46,0.41,0.0105,0.349
11.47,0.42,0.0106,0.347
11.48,0.42,0.0106,0.346
11.49,0.42,0.0105,0.346
11.5,0.42,0.0105,0.343
11.51,0.42,0.0106,0.35
11.52,0.42,0.0105,0.35
11.53,0.42,0.0106,0.354
11.54,0.42,0.0106,0.354
11.55,0.42,0.0106,0.354
11.56,0.43,0.0106,0.354
11.57,0.42,0.0105,0.355
11.58,0.42,0.0105,0.358
11.59,0.42,0.0104,0.359
11.6,0.42,0.0105,0.359
11.61,0.42,0.0105,0.359
11.62,0.42,0.0104,0.362
11.63,0.42,0.0104,0.359
11.64,0.42,0.0105,0.357
11.65,0.42,0.0105,0.357
11.66,0.43,0.0104,0.357
11.67,0.43,0.0103,0.354
11.68,0.42,0.0104,0.355
11.69,0.43,0.0104,0.355
11.7,0.43,0.0104,0.355
11.71,0.43,0.0103,0.353
11.72,0.43,0.0104,0.35
11.73,0.43,0.0104,0.351
11.74,0.43,0.0104,0.351
11.75,0.43,0.0104,0.35
11.76,0.43,0.0104,0.35
11.77,0.43,0.0104,0.351
11.78,0.43,0.0105,0.351
11.79,0.43,0.0105,0.353
11.8,0.43,0.0108,0.354
11.81,0.43,0.0107,0.354
11.82,0.43,0.0107,0.354
11.83,0.44,0.0107,0.354
11.84,0.44,0.0108,0.354
11.85,0.44,0.0108,0.355
11.86,0.43,0.0107,0.355
11.87,0.43,0.0107,0.354
11.88,0.44,0.0106,0.358
11.89,0.44,0.0107,0.358
11.9,0.44,0.0107,0.357
11.91,0.44,0.0107,0.357
11.92,0.44,0.0106,0.353
11.93,0.44,0.0107,0.358
11.94,0.44,0.0108,0.355
11.95,0.44,0.0108,0.357
11.96,0.44,0.0108,0.357
11.97,0.44,0.0108,0.357
11.98,0.44,0.0107,0.359
11.99,0.44,0.0107,0.361
12,0.44,0.0107,0.361
12.01,0.44,0.0105,0.358
12.02,0.44,0.0104,0.362
12.03,0.44,0.0105,0.365
12.04,0.44,0.0105,0.365
12.05,0.44,0.0106,0.365
12.06,0.44,0.0107,0.367
12.07,0.44,0.0106,0.369
12.08,0.44,0.0107,0.369
12.09,0.44,0.0108,0.371
12.1,0.44,0.0108,0.367
12.11,0.44,0.0108,0.37
12.12,0.44,0.0108,0.371
12.13,0.44,0.0108,0.371
12.14,0.44,0.0108,0.373
12.15,0.44,0.0108,0.371
12.16,0.44,0.0107,0.37
12.17,0.44,0.0108,0.37
12.18,0.44,0.0108,0.37
12.19,0.45,0.0108,0.371
12.2,0.44,0.0108,0.37
12.21,0.44,0.0108,0.373
12.22,0.45,0.0108,0.371
12.23,0.45,0.0105,0.37
12.24,0.45,0.0106,0.371
12.25,0.45,0.0106,0.37
12.26,0.45,0.0107,0.37
12.27,0.44,0.0108,0.371
12.28,0.45,0.0108,0.37
12.29,0.45,0.0108,0.37
12.3,0.45,0.0108,0.371
12.31,0.45,0.0108,0.371
12.32,0.44,0.0108,0.371
12.33,0.44,0.0108,0.37
12.34,0.45,0.0106,0.371
12.35,0.45,0.0106,0.371
12.36,0.45,0.0104,0.375
12.37,0.45,0.0104,0.378
12.38,0.45,0.0104,0.377
12.39,0.46,0.0107,0.377
12.4,0.45,0.0107,0.378
12.41,0.46,0.0109,0.377
12.42,0.45,0.0109,0.374
12.43,0.45,0.011,0.375
12.44,0.46,0.0109,0.375
12.45,0.46,0.0108,0.378
12.46,0.46,0.0108,0.378
12.47,0.46,0.0108,0.377
12.48,0.46,0.0108,0.377
12.49,0.47,0.0105,0.379
12.5,0.47,0.0105,0.381
12.51,0.46,0.0106,0.381
12.52,0.45,0.0106,0.383
12.53,0.45,0.0107,0.381
12.54,0.46,0.0107,0.379
12.55,0.46,0.0105,0.377
12.56,0.47,0.0106,0.377
12.57,0.47,0.0107,0.381
12.58,0.47,0.0107,0.382
12.59,0.46,0.0104,0.381
12.6,0.46,0.0104,0.382
12.61,0.45,0.0105,0.381
12.62,0.46,0.0106,0.381
12.63,0.47,0.0106,0.381
12.64,0.46,0.0105,0.383
12.65,0.46,0.0104,0.385
12.66,0.46,0.0104,0.383
12.67,0.46,0.0105,0.385
12.68,0.46,0.0106,0.385
12.69,0.47,0.0107,0.387
12.7,0.47,0.0106,0.389
12.71,0.47,0.0105,0.387
12.72,0.47,0.0106,0.385
12.73,0.47,0.0106,0.385
12.74,0.46,0.0108,0.382
12.75,0.46,0.011,0.385
12.76,0.47,0.0111,0.386
12.77,0.47,0.0112,0.386
12.78,0.47,0.0113,0.391
12.79,0.47,0.0113,0.393
12.8,0.47,0.0113,0.389
12.81,0.48,0.0114,0.39
12.82,0.48,0.0113,0.391
12.83,0.48,0.0113,0.391
12.84,0.48,0.0113,0.391
12.85,0.47,0.0114,0.395
12.86,0.47,0.0114,0.395
12.87,0.48,0.0115,0.389
12.88,0.48,0.0114,0.389
12.89,0.48,0.0114,0.39
12.9,0.48,0.0116,0.39
12.91,0.48,0.0116,0.383
12.92,0.49,0.0117,0.391
12.93,0.49,0.0116,0.398
12.94,0.49,0.0116,0.397
12.95,0.49,0.0116,0.397
12.96,0.5,0.0118,0.397
12.97,0.5,0.0118,0.397
12.98,0.49,0.0115,0.397
12.99,0.49,0.0115,0.397
13,0.5,0.0115,0.395
13.01,0.5,0.0115,0.394
13.02,0.5,0.0114,0.397
13.03,0.5,0.0114,0.401
13.04,0.5,0.0115,0.401
13.05,0.5,0.0117,0.402
13.06,0.5,0.0115,0.402
13.07,0.51,0.0114,0.403
13.08,0.51,0.0114,0.402
13.09,0.5,0.0111,0.402
13.1,0.5,0.011,0.401
13.11,0.5,0.0111,0.402
13.12,0.5,0.0111,0.402
13.13,0.5,0.0112,0.402
13.14,0.5,0.0111,0.402
13.15,0.51,0.0113,0.403
13.16,0.5,0.0116,0.403
13.17,0.5,0.0116,0.403
13.18,0.5,0.0118,0.406
13.19,0.49,0.0118,0.406
13.2,0.49,0.0118,0.415
13.21,0.49,0.0119,0.415
13.22,0.49,0.0119,0.419
13.23,0.49,0.0118,0.417
13.24,0.49,0.0119,0.419
13.25,0.5,0.0119,0.417
13.26,0.5,0.0119,0.417
13.27,0.49,0.0119,0.417
13.28,0.5,0.0117,0.418
13.29,0.5,0.0118,0.418
13.3,0.5,0.0118,0.423
13.31,0.51,0.0118,0.423
13.32,0.51,0.0121,0.423
13.33,0.51,0.0119,0.425
13.34,0.51,0.0117,0.425
13.35,0.51,0.0117,0.425
13.36,0.51,0.0115,0.425
13.37,0.51,0.0115,0.421
13.38,0.51,0.0116,0.41
13.39,0.51,0.0115,0.41
13.4,0.51,0.0116,0.407
13.41,0.51,0.0116,0.407
13.42,0.5,0.0117,0.425
13.43,0.5,0.0119,0.425
13.44,0.5,0.0119,0.417
13.45,0.51,0.0117,0.415
13.46,0.51,0.0115,0.419
13.47,0.51,0.0115,0.415
13.48,0.51,0.0115,0.415
13.49,0.51,0.0115,0.414
13.5,0.51,0.0115,0.414
13.51,0.51,0.0116,0.415
13.52,0.51,0.0117,0.411
13.53,0.51,0.0119,0.411
13.54,0.5,0.012,0.409
13.55,0.5,0.0119,0.406
13.56,0.5,0.012,0.406
13.57,0.51,0.012,0.411
13.58,0.5,0.012,0.409
13.59,0.5,0.012,0.409
13.6,0.5,0.012,0.41
13.61,0.5,0.0121,0.409
13.62,0.51,0.0119,0.409
13.63,0.51,0.0119,0.409
13.64,0.51,0.012,0.405
13.65,0.51,0.0121,0.405
13.66,0.51,0.0121,0.41
13.67,0.5,0.0119,0.413
13.68,0.51,0.0119,0.413
13.69,0.51,0.0118,0.419
13.7,0.51,0.0118,0.419
13.71,0.51,0.0119,0.422
13.72,0.51,0.012,0.421
13.73,0.51,0.012,0.421
13.74,0.51,0.012,0.421
13.75,0.51,0.0121,0.418
13.76,0.51,0.012,0.418
13.77,0.51,0.012,0.413
13.78,0.5,0.012,0.413
13.79,0.5,0.0121,0.414
13.8,0.51,0.0121,0.421
13.81,0.5,0.0121,0.421
13.82,0.51,0.0121,0.423
13.83,0.51,0.0121,0.423
13.84,0.51,0.0121,0.422
13.85,0.51,0.0122,0.422
13.86,0.51,0.0122,0.426
13.87,0.52,0.0124,0.426
13.88,0.51,0.0123,0.426
13.89,0.53,0.0124,0.426
13.9,0.52,0.0126,0.426
13.91,0.52,0.0126,0.427
13.92,0.53,0.0128,0.427
13.93,0.52,0.0127,0.422
13.94,0.51,0.0126,0.421
13.95,0.51,0.0126,0.421
13.96,0.51,0.0125,0.419
13.98,0.51,0.0122,0.423
13.98,0.52,0.0122,0.425
13.99,0.52,0.0121,0.422
14,0.52,0.0121,0.422
14.01,0.52,0.0121,0.419
14.02,0.53,0.0119,0.414
14.03,0.53,0.0119,0.417
14.04,0.53,0.0119,0.417
14.05,0.54,0.0119,0.422
14.06,0.54,0.0118,0.423
14.07,0.55,0.0116,0.423
14.08,0.55,0.0117,0.425
14.09,0.54,0.0116,0.425
14.1,0.54,0.0115,0.426
14.11,0.54,0.0113,0.425
14.12,0.54,0.0113,0.425
14.13,0.53,0.0112,0.429
14.14,0.53,0.0112,0.427
14.15,0.54,0.0114,0.429
14.16,0.54,0.0116,0.431
14.17,0.54,0.0116,0.431
14.18,0.55,0.0113,0.433
14.19,0.54,0.0113,0.429
14.2,0.54,0.0113,0.423
14.21,0.54,0.0115,0.423
14.22,0.54,0.0115,0.418
14.23,0.54,0.0114,0.422
14.24,0.54,0.0113,0.43
14.25,0.54,0.0113,0.433
14.26,0.54,0.0114,0.433
14.27,0.54,0.0114,0.438
14.28,0.53,0.0117,0.439
14.29,0.53,0.0117,0.439
14.3,0.53,0.0117,0.446
14.31,0.54,0.0115,0.446
14.32,0.54,0.0116,0.45
14.33,0.54,0.0118,0.451
14.34,0.54,0.0118,0.451
14.35,0.54,0.0122,0.447
14.36,0.54,0.012,0.447
14.37,0.54,0.012,0.447
14.38,0.54,0.012,0.446
14.39,0.54,0.012,0.438
14.4,0.54,0.0118,0.437
14.41,0.54,0.0116,0.443
14.42,0.54,0.0118,0.442
14.43,0.53,0.0119,0.442
14.44,0.53,0.0119,0.439
14.45,0.54,0.0119,0.449
14.46,0.54,0.0116,0.449
14.47,0.54,0.0116,0.445
14.48,0.54,0.0115,0.445
14.49,0.55,0.0115,0.449
14.5,0.55,0.0114,0.442
14.51,0.54,0.0114,0.442
14.52,0.54,0.0114,0.443
14.53,0.54,0.0117,0.443
14.54,0.54,0.0117,0.445
14.55,0.54,0.0118,0.441
14.56,0.54,0.0117,0.441
14.57,0.54,0.0115,0.45
14.58,0.54,0.0114,0.45
14.59,0.54,0.0114,0.453
14.6,0.54,0.0116,0.453
14.61,0.54,0.0115,0.453
14.62,0.54,0.0116,0.454
14.63,0.55,0.0118,0.451
14.64,0.54,0.0119,0.451
14.65,0.55,0.012,0.451
14.66,0.55,0.012,0.45
14.67,0.55,0.0121,0.453
14.68,0.55,0.0123,0.451
14.69,0.55,0.0123,0.446
14.7,0.54,0.0127,0.446
14.71,0.54,0.0127,0.449
14.72,0.54,0.0126,0.445
14.73,0.55,0.0124,0.446
14.74,0.55,0.0124,0.453
14.75,0.55,0.0122,0.453
14.76,0.55,0.0122,0.453
14.77,0.55,0.0122,0.454
14.78,0.55,0.0122,0.454
14.79,0.55,0.0123,0.443
14.8,0.55,0.0122,0.443
14.81,0.55,0.0122,0.449
14.82,0.55,0.0122,0.449
14.83,0.55,0.0122,0.449
14.84,0.55,0.0121,0.45
14.85,0.54,0.0122,0.449
14.86,0.55,0.0122,0.446
14.87,0.55,0.0121,0.446
14.88,0.55,0.012,0.442
14.89,0.54,0.0122,0.442
14.9,0.54,0.012,0.442
14.91,0.54,0.012,0.449
14.92,0.55,0.012,0.449
14.93,0.55,0.0119,0.449
14.94,0.55,0.0119,0.445
14.95,0.55,0.0118,0.445
14.96,0.55,0.0118,0.449
14.97,0.55,0.0117,0.445
14.98,0.55,0.0117,0.441
14.99,0.56,0.0118,0.437
15,0.56,0.0118,0.437
15.01,0.55,0.0119,0.441
15.02,0.57,0.012,0.446
15.03,0.57,0.012,0.447
15.04,0.56,0.0121,0.447
15.05,0.56,0.0122,0.442
15.06,0.56,0.0122,0.441
15.07,0.56,0.0123,0.453
15.08,0.57,0.0123,0.451
15.09,0.57,0.0126,0.451
15.1,0.57,0.0126,0.45
15.11,0.57,0.0125,0.453
15.12,0.57,0.0125,0.453
15.13,0.57,0.0125,0.445
15.14,0.56,0.0126,0.445
15.15,0.56,0.0125,0.447
15.16,0.57,0.0123,0.454
15.17,0.56,0.012,0.455
15.18,0.55,0.012,0.453
15.19,0.56,0.0122,0.454
15.2,0.56,0.0122,0.455
15.21,0.56,0.0121,0.454
15.22,0.56,0.0121,0.454
15.23,0.56,0.0121,0.447
15.24,0.56,0.0123,0.447
15.25,0.56,0.0123,0.45
15.26,0.56,0.0123,0.45
15.27,0.56,0.0124,0.453
15.28,0.56,0.0122,0.454
15.29,0.57,0.0121,0.454
15.3,0.57,0.0121,0.449
15.31,0.57,0.0119,0.455
15.32,0.57,0.0119,0.45
15.33,0.57,0.012,0.453
15.34,0.57,0.0119,0.453
15.35,0.57,0.0121,0.458
15.36,0.57,0.0118,0.458
15.37,0.57,0.0119,0.465
15.38,0.58,0.0117,0.462
15.39,0.58,0.0117,0.463
15.4,0.58,0.0117,0.461
15.41,0.59,0.0117,0.465
15.42,0.59,0.0117,0.459
15.43,0.58,0.0118,0.461
15.44,0.58,0.0118,0.461
15.45,0.58,0.0119,0.459
15.46,0.58,0.0119,0.457
15.47,0.58,0.0119,0.45
15.48,0.58,0.0116,0.45
15.49,0.58,0.0115,0.454
15.5,0.57,0.0115,0.457
15.51,0.57,0.0115,0.457
15.52,0.57,0.0116,0.458
15.53,0.57,0.0114,0.459
15.54,0.57,0.0114,0.459
15.55,0.56,0.0114,0.461
15.56,0.57,0.0115,0.461
15.57,0.57,0.0116,0.474
15.58,0.57,0.0118,0.474
15.59,0.57,0.012,0.485
15.6,0.57,0.0122,0.485
15.61,0.57,0.0122,0.485
15.62,0.57,0.0126,0.487
15.63,0.58,0.013,0.487
15.64,0.58,0.013,0.479
15.65,0.57,0.0129,0.479
15.66,0.57,0.0128,0.477
15.67,0.57,0.0127,0.483
15.68,0.57,0.0126,0.483
15.69,0.57,0.0126,0.482
15.7,0.57,0.0126,0.482
15.71,0.57,0.0126,0.49
15.72,0.57,0.0125,0.491
15.73,0.57,0.0125,0.494
15.74,0.57,0.0123,0.494
15.75,0.57,0.0122,0.499
15.76,0.58,0.0122,0.491
15.77,0.58,0.0122,0.491
15.78,0.58,0.0122,0.49
15.79,0.58,0.0121,0.491
15.8,0.58,0.0119,0.491
15.81,0.58,0.0119,0.494
15.83,0.59,0.0116,0.494
15.83,0.59,0.0117,0.486
15.84,0.59,0.0117,0.485
15.85,0.59,0.0119,0.49
15.86,0.59,0.0119,0.495
15.87,0.59,0.0119,0.495
15.88,0.58,0.0119,0.491
15.89,0.59,0.0119,0.494
15.9,0.59,0.0119,0.491
15.91,0.59,0.0119,0.497
15.92,0.59,0.0119,0.497
15.93,0.59,0.0117,0.495
15.94,0.59,0.0116,0.489
15.95,0.59,0.0116,0.489
15.96,0.59,0.0115,0.495
15.97,0.6,0.0116,0.501
15.98,0.6,0.0115,0.503
15.99,0.6,0.0115,0.503
16,0.6,0.0115,0.502
16.01,0.6,0.0116,0.498
16.02,0.61,0.0116,0.505
16.03,0.61,0.0116,0.499
16.04,0.61,0.0116,0.499
16.05,0.6,0.0118,0.499
16.06,0.6,0.012,0.501
16.07,0.6,0.0119,0.502
16.08,0.6,0.0119,0.503
16.09,0.59,0.0119,0.503
16.1,0.59,0.012,0.508
16.11,0.59,0.0122,0.508
16.12,0.6,0.0123,0.51
16.13,0.6,0.0123,0.51
16.14,0.6,0.0123,0.516
16.15,0.6,0.0123,0.512
16.16,0.6,0.0124,0.507
16.17,0.6,0.0124,0.507
16.18,0.59,0.0125,0.511
16.19,0.6,0.0124,0.501
16.2,0.6,0.0124,0.502
16.21,0.6,0.0124,0.503
16.22,0.6,0.0124,0.503
16.23,0.6,0.0126,0.501
16.24,0.59,0.0126,0.506
16.25,0.59,0.013,0.506
16.26,0.59,0.013,0.506
16.27,0.6,0.013,0.511
16.28,0.6,0.013,0.511
16.29,0.6,0.013,0.503
16.3,0.6,0.0131,0.503
16.31,0.6,0.013,0.502
16.32,0.59,0.0129,0.502
16.33,0.6,0.0129,0.502
16.34,0.6,0.0129,0.493
16.35,0.6,0.0129,0.493
16.36,0.6,0.0126,0.489
16.37,0.6,0.0129,0.489
16.38,0.6,0.0133,0.497
16.39,0.6,0.0133,0.497
16.4,0.6,0.0133,0.505
16.41,0.6,0.0132,0.503
16.42,0.6,0.0131,0.506
16.43,0.6,0.0132,0.506
16.44,0.6,0.0132,0.508
16.45,0.6,0.0134,0.506
16.46,0.6,0.0134,0.514
16.47,0.6,0.0132,0.514
16.48,0.6,0.0132,0.514
16.49,0.61,0.0129,0.519
16.5,0.62,0.0127,0.519
16.51,0.6,0.0127,0.516
16.52,0.6,0.013,0.516
16.53,0.6,0.0128,0.512
16.54,0.61,0.0125,0.511
16.55,0.62,0.0126,0.511
16.56,0.62,0.0126,0.512
16.57,0.62,0.0126,0.512
16.58,0.63,0.0126,0.511
16.59,0.63,0.0126,0.514
16.6,0.63,0.0124,0.514
16.61,0.63,0.0124,0.511
16.62,0.63,0.0123,0.512
16.63,0.63,0.0123,0.518
16.64,0.63,0.0124,0.522
16.65,0.63,0.0122,0.522
16.66,0.63,0.0122,0.52
16.67,0.63,0.0121,0.52
16.68,0.63,0.0122,0.516
16.69,0.63,0.012,0.518
16.7,0.63,0.0122,0.518
16.71,0.63,0.0126,0.516
16.72,0.63,0.0126,0.516
16.73,0.63,0.0125,0.526
16.74,0.63,0.0125,0.526
16.75,0.63,0.0125,0.528
16.76,0.64,0.0125,0.531
16.77,0.64,0.0124,0.53
16.78,0.64,0.0124,0.524
16.79,0.64,0.0124,0.524
16.8,0.65,0.0124,0.519
16.81,0.65,0.0125,0.518
16.82,0.64,0.0126,0.518
16.83,0.65,0.0126,0.522
16.84,0.65,0.0125,0.53
16.85,0.65,0.0126,0.535
16.86,0.65,0.0126,0.534
16.87,0.65,0.0126,0.534
16.88,0.65,0.0127,0.528
16.89,0.65,0.0127,0.526
16.9,0.65,0.0127,0.522
16.91,0.65,0.013,0.519
16.92,0.64,0.0131,0.52
16.93,0.65,0.0131,0.523
16.94,0.65,0.0127,0.523
16.95,0.65,0.0127,0.532
16.96,0.65,0.0127,0.532
16.97,0.65,0.0128,0.524
16.98,0.64,0.0127,0.527
16.99,0.65,0.0128,0.526
17,0.65,0.0125,0.524
17.01,0.65,0.0123,0.522
17.02,0.65,0.0124,0.522
17.03,0.64,0.0126,0.522
17.04,0.64,0.0127,0.523
17.05,0.64,0.0127,0.528
17.06,0.63,0.0127,0.526
17.07,0.63,0.0127,0.523
17.08,0.63,0.0126,0.524
17.1,0.64,0.0127,0.524
17.1,0.64,0.0127,0.528
17.11,0.64,0.0127,0.534
17.12,0.64,0.0126,0.535
17.13,0.64,0.0129,0.535
17.14,0.65,0.0129,0.534
17.15,0.64,0.0131,0.53
17.16,0.64,0.0132,0.53
17.17,0.63,0.0132,0.539
17.18,0.64,0.0133,0.539
17.19,0.64,0.0132,0.542
17.2,0.64,0.0131,0.538
17.21,0.64,0.0131,0.538
17.22,0.65,0.0128,0.53
17.23,0.65,0.0131,0.534
17.24,0.65,0.0133,0.538
17.25,0.64,0.0133,0.538
17.26,0.64,0.0133,0.54
17.27,0.64,0.0136,0.543
17.28,0.64,0.0137,0.547
17.29,0.63,0.0137,0.535
17.3,0.63,0.0134,0.535
17.31,0.63,0.0135,0.539
17.32,0.64,0.0131,0.54
17.33,0.64,0.0129,0.54
17.34,0.65,0.0129,0.539
17.35,0.65,0.0128,0.539
17.36,0.65,0.0128,0.539
17.37,0.65,0.0129,0.543
17.38,0.65,0.0131,0.543
17.39,0.65,0.013,0.548
17.4,0.65,0.0128,0.548
17.41,0.65,0.0128,0.552
17.42,0.64,0.0131,0.554
17.43,0.64,0.0131,0.552
17.44,0.64,0.0134,0.546
17.45,0.65,0.0133,0.546
17.46,0.66,0.0133,0.548
17.47,0.66,0.013,0.548
17.48,0.66,0.013,0.544
17.49,0.66,0.0131,0.548
17.5,0.66,0.013,0.548
17.51,0.67,0.0133,0.554
17.52,0.67,0.0135,0.554
17.53,0.66,0.0136,0.554
17.54,0.65,0.0134,0.554
17.55,0.66,0.0133,0.55
17.56,0.66,0.0133,0.546
17.57,0.65,0.0136,0.546
17.58,0.65,0.0137,0.544
17.59,0.65,0.0137,0.544
17.6,0.65,0.0136,0.544
17.61,0.65,0.0137,0.546
17.62,0.64,0.0136,0.547
17.63,0.65,0.0136,0.552
17.64,0.65,0.0134,0.544
17.65,0.65,0.0134,0.544
17.66,0.65,0.0133,0.552
17.67,0.65,0.0133,0.552
17.68,0.65,0.0133,0.551
17.69,0.65,0.0133,0.551
17.7,0.65,0.0133,0.547
17.71,0.66,0.0132,0.551
17.72,0.66,0.0131,0.551
17.73,0.67,0.0131,0.559
17.74,0.67,0.0127,0.559
17.75,0.66,0.0127,0.57
17.76,0.66,0.0126,0.564
17.77,0.67,0.0126,0.564
17.78,0.67,0.0125,0.56
17.79,0.67,0.0125,0.56
17.8,0.67,0.0126,0.551
17.81,0.67,0.0128,0.55
17.82,0.67,0.0131,0.55
17.83,0.67,0.013,0.552
17.84,0.67,0.0135,0.56
17.85,0.67,0.0135,0.558
17.86,0.67,0.0132,0.562
17.87,0.67,0.0132,0.562
17.88,0.68,0.0129,0.556
17.89,0.69,0.0128,0.556
17.9,0.69,0.0128,0.554
17.91,0.69,0.0131,0.554
17.92,0.69,0.0131,0.551
17.93,0.69,0.0131,0.555
17.94,0.68,0.0131,0.555
17.95,0.69,0.0131,0.562
17.96,0.69,0.013,0.562
17.97,0.69,0.013,0.567
17.98,0.69,0.0131,0.575
17.99,0.69,0.0132,0.575
18,0.69,0.0131,0.567
18.01,0.69,0.0132,0.567
18.02,0.68,0.0131,0.572
18.03,0.68,0.013,0.564
18.04,0.68,0.013,0.564
18.05,0.68,0.013,0.563
18.06,0.69,0.0129,0.564
18.07,0.69,0.013,0.566
18.08,0.69,0.0133,0.571
18.09,0.69,0.0137,0.571
18.1,0.69,0.0137,0.575
18.11,0.68,0.0138,0.575
18.12,0.68,0.0138,0.57
18.13,0.67,0.0135,0.57
18.14,0.67,0.0136,0.566
18.15,0.67,0.0133,0.574
18.16,0.66,0.0131,0.574
18.17,0.66,0.013,0.582
18.18,0.66,0.013,0.582
18.19,0.67,0.013,0.584
18.2,0.67,0.0131,0.58
18.21,0.67,0.0134,0.58
18.22,0.68,0.0134,0.578
18.23,0.68,0.0135,0.578
18.24,0.67,0.0133,0.583
18.25,0.67,0.0133,0.584
18.26,0.68,0.0131,0.584
18.27,0.68,0.0131,0.588
18.28,0.68,0.0134,0.582
18.29,0.68,0.0134,0.58
18.3,0.67,0.0137,0.578
18.31,0.67,0.0137,0.578
18.32,0.67,0.0137,0.572
18.33,0.67,0.0138,0.58
18.34,0.67,0.0138,0.584
18.35,0.67,0.0137,0.583
18.36,0.67,0.0137,0.583
18.37,0.67,0.014,0.582
18.38,0.67,0.0142,0.582
18.39,0.67,0.0142,0.575
18.4,0.67,0.0142,0.576
18.41,0.67,0.0143,0.567
18.42,0.67,0.0142,0.567
18.43,0.66,0.0142,0.567
18.44,0.66,0.014,0.57
18.45,0.66,0.0139,0.574
18.46,0.66,0.0137,0.575
18.47,0.67,0.0137,0.575
18.48,0.66,0.0139,0.582
18.49,0.66,0.0139,0.582
18.5,0.66,0.0139,0.586
18.51,0.66,0.0139,0.578
18.52,0.66,0.0137,0.579
18.53,0.68,0.0137,0.579
18.54,0.68,0.0135,0.576
18.55,0.68,0.0134,0.576
18.56,0.68,0.0134,0.576
18.57,0.67,0.014,0.578
18.58,0.67,0.014,0.578
18.59,0.67,0.0139,0.575
18.6,0.68,0.014,0.575
18.61,0.68,0.014,0.586
18.62,0.68,0.0138,0.586
18.63,0.68,0.0137,0.582
18.64,0.68,0.0135,0.582
18.65,0.68,0.0135,0.582
18.66,0.69,0.0136,0.58
18.67,0.7,0.0135,0.587
18.68,0.7,0.0137,0.582
18.69,0.69,0.014,0.582
18.7,0.69,0.014,0.575
18.71,0.7,0.014,0.575
18.72,0.71,0.0138,0.57
18.73,0.71,0.0141,0.568
18.74,0.72,0.0144,0.568
18.75,0.72,0.0144,0.579
18.76,0.71,0.0144,0.582
18.77,0.71,0.0142,0.58
18.78,0.71,0.0142,0.588
18.79,0.72,0.0142,0.588
18.8,0.71,0.0142,0.584
18.81,0.71,0.0144,0.586
18.82,0.71,0.0142,0.586
18.83,0.71,0.0142,0.591
18.84,0.72,0.0144,0.591
18.85,0.72,0.0144,0.598
18.86,0.72,0.0144,0.598
18.87,0.72,0.0143,0.598
18.88,0.73,0.0142,0.599
18.89,0.73,0.0143,0.595
18.9,0.72,0.0143,0.595
18.91,0.71,0.0144,0.595
18.92,0.71,0.0145,0.591
18.93,0.71,0.0144,0.592
18.94,0.72,0.0144,0.592
18.95,0.72,0.0143,0.591
18.96,0.72,0.0141,0.591
18.97,0.71,0.0141,0.587
18.98,0.72,0.0141,0.594
18.99,0.72,0.014,0.594
19,0.72,0.014,0.596
19.01,0.72,0.014,0.596
19.02,0.72,0.0141,0.595
19.03,0.72,0.0145,0.61
19.04,0.72,0.0146,0.61
19.05,0.72,0.0146,0.604
19.06,0.72,0.0147,0.603
19.07,0.71,0.0147,0.599
19.08,0.71,0.0144,0.6
19.09,0.71,0.0144,0.6
19.1,0.71,0.0144,0.603
19.11,0.71,0.0145,0.607
19.12,0.72,0.0145,0.61
19.13,0.73,0.0142,0.61
19.14,0.73,0.0141,0.61
19.15,0.73,0.0141,0.614
19.16,0.73,0.0145,0.618
19.17,0.73,0.0142,0.618
19.18,0.73,0.0142,0.618
19.19,0.73,0.0143,0.61
19.2,0.73,0.0146,0.6
19.21,0.73,0.0147,0.603
19.22,0.73,0.0146,0.607
19.23,0.74,0.0147,0.607
19.24,0.73,0.0147,0.61
19.25,0.73,0.0148,0.61
19.26,0.74,0.0148,0.61
19.27,0.74,0.0147,0.618
19.28,0.74,0.0145,0.618
19.29,0.74,0.0145,0.628
19.3,0.74,0.0147,0.618
19.31,0.74,0.0147,0.618
19.32,0.74,0.0148,0.624
19.33,0.74,0.0143,0.631
19.34,0.74,0.0143,0.635
19.35,0.75,0.0138,0.635
19.36,0.75,0.0138,0.63
19.37,0.74,0.0138,0.635
19.38,0.75,0.014,0.646
19.39,0.75,0.014,0.647
19.4,0.75,0.0145,0.647
19.41,0.75,0.0145,0.642
19.42,0.75,0.0149,0.631
19.43,0.74,0.0152,0.631
19.44,0.75,0.0152,0.622
19.45,0.74,0.0152,0.622
19.46,0.74,0.0153,0.634
19.47,0.73,0.0152,0.635
19.48,0.73,0.015,0.635
19.49,0.73,0.015,0.643
19.5,0.73,0.0152,0.643
19.51,0.73,0.0152,0.64
19.52,0.75,0.0151,0.64
19.53,0.75,0.0151,0.64
19.54,0.75,0.0153,0.636
19.55,0.76,0.0157,0.634
19.56,0.76,0.0157,0.636
19.57,0.76,0.0157,0.636
19.58,0.76,0.0157,0.631
19.59,0.76,0.0158,0.631
19.6,0.77,0.0157,0.631
19.61,0.77,0.0157,0.626
19.62,0.76,0.0157,0.626
19.63,0.76,0.0157,0.622
19.64,0.76,0.0155,0.626
19.65,0.76,0.0154,0.626
19.66,0.77,0.0154,0.628
19.67,0.76,0.0154,0.628
19.68,0.75,0.0157,0.635
19.69,0.75,0.0159,0.635
19.7,0.75,0.0156,0.636
19.71,0.75,0.0156,0.626
19.72,0.75,0.0158,0.636
19.73,0.75,0.0157,0.638
19.74,0.75,0.0156,0.644
19.75,0.75,0.0156,0.644
19.76,0.76,0.0155,0.639
19.77,0.76,0.0153,0.65
19.78,0.76,0.0153,0.652
19.79,0.76,0.0152,0.652
19.8,0.76,0.0152,0.65
19.81,0.76,0.0155,0.65
19.82,0.75,0.0159,0.65
19.83,0.75,0.0159,0.646
19.84,0.75,0.0159,0.646
19.85,0.74,0.0156,0.64
19.86,0.74,0.0155,0.646
19.87,0.75,0.0156,0.646
19.88,0.75,0.0156,0.627
19.89,0.75,0.0155,0.627
19.9,0.75,0.0154,0.618
19.91,0.75,0.0153,0.618
19.92,0.74,0.0153,0.626
19.93,0.74,0.0152,0.618
19.94,0.74,0.0151,0.622
19.95,0.74,0.0151,0.62
19.96,0.75,0.0148,0.62
19.97,0.75,0.015,0.622
19.98,0.75,0.015,0.626
19.99,0.74,0.015,0.628
20,0.74,0.015,0.628
20.01,0.74,0.0151,0.628
20.02,0.74,0.0151,0.626
20.03,0.75,0.0153,0.63
20.04,0.75,0.0153,0.64
20.05,0.75,0.0153,0.639
20.06,0.76,0.0155,0.639
20.07,0.77,0.0158,0.65
20.08,0.76,0.0157,0.644
20.09,0.76,0.0157,0.644
20.1,0.75,0.0155,0.638
20.11,0.75,0.0154,0.631
20.12,0.76,0.0156,0.619
20.13,0.77,0.0157,0.619
20.14,0.77,0.0157,0.623
20.15,0.77,0.0156,0.622
20.16,0.75,0.0154,0.627
20.17,0.75,0.0157,0.626
20.18,0.75,0.0157,0.626
20.19,0.75,0.0156,0.619
20.2,0.75,0.0157,0.615
20.21,0.75,0.0158,0.616
20.22,0.75,0.0158,0.619
20.23,0.75,0.0159,0.619
20.24,0.75,0.0159,0.624
20.25,0.77,0.0156,0.626
20.26,0.77,0.0159,0.626
20.27,0.77,0.0159,0.624
20.28,0.77,0.0163,0.624
20.29,0.76,0.0162,0.631
